{"cameraMode":{"drawMode":0,"name":"Shaded","section":"Shading Mode"},"sceneLighting":true,"audioPlay":false,"sceneViewState":{"showFog":true,"showMaterialUpdate":false,"showSkybox":false,"showFlares":true,"showImageEffects":true,"showParticleSystems":true},"in2DMode":false,"pivot":{"x":10.759994506835938,"y":-1.529998779296875,"z":-22.350000381469728},"rotation":{"x":0.08001606911420822,"y":0.6292089223861694,"z":-0.06535658240318299,"w":0.7703389525413513},"size":8.03876781463623,"orthographic":true}