{"cameraMode":{"drawMode":0,"name":"Shaded","section":"Shading Mode"},"sceneLighting":false,"audioPlay":false,"sceneViewState":{"showFog":true,"showMaterialUpdate":false,"showSkybox":false,"showFlares":true,"showImageEffects":true,"showParticleSystems":true},"in2DMode":false,"pivot":{"x":2.428173065185547,"y":6.812138557434082,"z":69.43185424804688},"rotation":{"x":0.28944554924964907,"y":-0.1691356897354126,"z":0.052042026072740558,"w":0.9406943917274475},"size":192.41281127929688,"orthographic":true}